{
    "Upper Body": [
        [
            -0.0004436068411450833,
            0.291594922542572,
            0.060764286667108536
        ],
        [
            -0.0004436068411450833,
            0.291594922542572,
            0.060764286667108536
        ]
    ],
    "Upper Body 2": [
        [
            -0.0004436107992660254,
            0.3966352939605713,
            0.060945916920900345
        ],
        [
            -0.0004436107992660254,
            0.3966352939605713,
            0.060945916920900345
        ]
    ],
    "Neck": [
        [
            -0.0004436140297912061,
            0.5859973430633545,
            0.003098099958151579
        ],
        [
            -0.0004436140297912061,
            0.5859973430633545,
            0.003098099958151579
        ]
    ],
    "Head": [
        [
            -0.0004436159797478467,
            0.6509963870048523,
            0.0055000437423586845
        ],
        [
            -0.0004436159797478467,
            0.6509963870048523,
            0.0055000437423586845
        ]
    ],
    "Eye.R": [
        [
            -0.04276420176029205,
            0.7415338754653931,
            0.04580099880695343
        ],
        [
            -0.04276420176029205,
            0.7415338754653931,
            0.04580099880695343
        ]
    ],
    "Eye.L": [
        [
            0.04187667742371559,
            0.7415339946746826,
            0.04580076038837433
        ],
        [
            0.04187667742371559,
            0.7415339946746826,
            0.04580076038837433
        ]
    ],
    "Shoulder.R": [
        [
            -0.021641988307237625,
            0.5807257890701294,
            0.014279301278293133
        ],
        [
            -0.021641988307237625,
            0.5807257890701294,
            0.014279301278293133
        ]
    ],
    "Arm.R": [
        [
            -0.11986137926578522,
            0.5495272874832153,
            0.013144165277481079
        ],
        [
            -0.11986137926578522,
            0.5495272874832153,
            0.013144165277481079
        ]
    ],
    "Elbow.R": [
        [
            -0.3148930072784424,
            0.38749459385871887,
            0.009295853786170483
        ],
        [
            -0.3148930072784424,
            0.38749459385871887,
            0.009295853786170483
        ]
    ],
    "Wrist.R": [
        [
            -0.5013525485992432,
            0.2319989651441574,
            0.010352962650358677
        ],
        [
            -0.5013525485992432,
            0.2319989651441574,
            0.010352962650358677
        ]
    ],
    "Thumb0.R": [
        [
            -0.5086888670921326,
            0.218649759888649,
            0.03916532173752785
        ],
        [
            -0.5086888670921326,
            0.218649759888649,
            0.03916532173752785
        ]
    ],
    "Thumb1.R": [
        [
            -0.5226161479949951,
            0.1933007389307022,
            0.0533234179019928
        ],
        [
            -0.5226161479949951,
            0.1933007389307022,
            0.0533234179019928
        ]
    ],
    "Thumb2.R": [
        [
            -0.533293604850769,
            0.1750841587781906,
            0.0575573593378067
        ],
        [
            -0.533293604850769,
            0.1750841587781906,
            0.0575573593378067
        ]
    ],
    "Index1.R": [
        [
            -0.5604099631309509,
            0.17982323467731476,
            0.03683558851480484
        ],
        [
            -0.5604099631309509,
            0.17982323467731476,
            0.03683558851480484
        ]
    ],
    "Index2.R": [
        [
            -0.5810183882713318,
            0.16138716042041779,
            0.036989059299230576
        ],
        [
            -0.5810183882713318,
            0.16138716042041779,
            0.036989059299230576
        ]
    ],
    "Index3.R": [
        [
            -0.5990513563156128,
            0.14565442502498627,
            0.036997295916080475
        ],
        [
            -0.5990513563156128,
            0.14565442502498627,
            0.036997295916080475
        ]
    ],
    "Middle1.R": [
        [
            -0.5626667141914368,
            0.17863959074020386,
            0.018400583416223526
        ],
        [
            -0.5626667141914368,
            0.17863959074020386,
            0.018400583416223526
        ]
    ],
    "Middle2.R": [
        [
            -0.5834454894065857,
            0.15963730216026306,
            0.018674366176128387
        ],
        [
            -0.5834454894065857,
            0.15963730216026306,
            0.018674366176128387
        ]
    ],
    "Middle3.R": [
        [
            -0.6021332740783691,
            0.14281566441059113,
            0.01862337440252304
        ],
        [
            -0.6021332740783691,
            0.14281566441059113,
            0.01862337440252304
        ]
    ],
    "Ring1.R": [
        [
            -0.5607073903083801,
            0.17945504188537598,
            0.0006726771243847907
        ],
        [
            -0.5607073903083801,
            0.17945504188537598,
            0.0006726771243847907
        ]
    ],
    "Ring2.R": [
        [
            -0.5804865956306458,
            0.16129739582538605,
            0.0006787764141336083
        ],
        [
            -0.5804865956306458,
            0.16129739582538605,
            0.0006787764141336083
        ]
    ],
    "Ring3.R": [
        [
            -0.5979397296905518,
            0.1453775316476822,
            0.0007657399983145297
        ],
        [
            -0.5979397296905518,
            0.1453775316476822,
            0.0007657399983145297
        ]
    ],
    "Pinky1.R": [
        [
            -0.5557845234870911,
            0.18203149735927582,
            -0.01765766553580761
        ],
        [
            -0.5557845234870911,
            0.18203149735927582,
            -0.01765766553580761
        ]
    ],
    "Pinky2.R": [
        [
            -0.5738384127616882,
            0.16514238715171814,
            -0.01733539067208767
        ],
        [
            -0.5738384127616882,
            0.16514238715171814,
            -0.01733539067208767
        ]
    ],
    "Pinky3.R": [
        [
            -0.584280788898468,
            0.15546943247318268,
            -0.017115578055381775
        ],
        [
            -0.584280788898468,
            0.15546943247318268,
            -0.017115578055381775
        ]
    ],
    "Shoulder.L": [
        [
            0.020754920318722725,
            0.5807262659072876,
            0.014279588125646114
        ],
        [
            0.020754920318722725,
            0.5807262659072876,
            0.014279588125646114
        ]
    ],
    "Arm.L": [
        [
            0.11897416412830353,
            0.5495278835296631,
            0.01314470637589693
        ],
        [
            0.11897416412830353,
            0.5495278835296631,
            0.01314470637589693
        ]
    ],
    "Elbow.L": [
        [
            0.3148929178714752,
            0.3899194896221161,
            0.009528862312436104
        ],
        [
            0.3148929178714752,
            0.3899194896221161,
            0.009528862312436104
        ]
    ],
    "Wrist.L": [
        [
            0.5013530254364014,
            0.23442436754703522,
            0.010505103506147861
        ],
        [
            0.5013530254364014,
            0.23442436754703522,
            0.010505103506147861
        ]
    ],
    "Thumb0.L": [
        [
            0.508689820766449,
            0.22107526659965515,
            0.03931792825460434
        ],
        [
            0.508689820766449,
            0.22107526659965515,
            0.03931792825460434
        ]
    ],