{
    "Upper Body": [
        [
            0.020824043080210686,
            0.12672245502471924,
            0.09503386169672012
        ],
        [
            0.020824043080210686,
            0.12672245502471924,
            0.09503386169672012
        ]
    ],
    "Upper Body 2": [
        [
            0.012320482172071934,
            0.20753513276576996,
            0.09723865985870361
        ],
        [
            0.012320482172071934,
            0.20753513276576996,
            0.09723865985870361
        ]
    ],
    "Neck": [
        [
            9.901219527819194e-06,
            0.43963679671287537,
            0.05574946850538254
        ],
        [
            9.901219527819194e-06,
            0.43963679671287537,
            0.05574946850538254
        ]
    ],
    "Head": [
        [
            -0.008484574034810066,
            0.48634979128837585,
            0.03781302273273468
        ],
        [
            -0.008484574034810066,
            0.48634979128837585,
            0.03781302273273468
        ]
    ],
    "Eye.R": [
        [
            -0.02728980779647827,
            0.5720033049583435,
            0.09566237777471542
        ],
        [
            -0.02728980779647827,
            0.5720033049583435,
            0.09566237777471542
        ]
    ],
    "Eye.L": [
        [
            0.03661361336708069,
            0.5686314702033997,
            0.08506336063146591
        ],
        [
            0.03661361336708069,
            0.5686314702033997,
            0.08506336063146591
        ]
    ],
    "Shoulder.R": [
        [
            -0.0457606203854084,
            0.3962048292160034,
            0.06674860417842865
        ],
        [
            -0.0457606203854084,
            0.3962048292160034,
            0.06674860417842865
        ]
    ],
    "Arm.R": [
        [
            -0.08497188240289688,
            0.44099995493888855,
            0.09112623333930969
        ],
        [
            -0.08497188240289688,
            0.44099995493888855,
            0.09112623333930969
        ]
    ],
    "Elbow.R": [
        [
            -0.10727052390575409,
            0.6609381437301636,
            0.1972237080335617
        ],
        [
            -0.10727052390575409,
            0.6609381437301636,
            0.1972237080335617
        ]
    ],
    "Wrist.R": [
        [
            -0.07865988463163376,
            0.8488171100616455,
            0.2732238471508026
        ],
        [
            -0.07865988463163376,
            0.8488171100616455,
            0.2732238471508026
        ]
    ],
    "Thumb0.R": [
        [
            -0.05551590025424957,
            0.8751301765441895,
            0.2782309353351593
        ],
        [
            -0.05551590025424957,
            0.8751301765441895,
            0.2782309353351593
        ]
    ],
    "Thumb1.R": [
        [
            -0.037534188479185104,
            0.8944952487945557,
            0.28273576498031616
        ],
        [
            -0.037534188479185104,
            0.8944952487945557,
            0.28273576498031616
        ]
    ],
    "Thumb2.R": [
        [
            -0.026454517617821693,
            0.9152306914329529,
            0.28382691740989685
        ],
        [
            -0.026454517617821693,
            0.9152306914329529,
            0.28382691740989685
        ]
    ],
    "Index1.R": [
        [
            -0.060735948383808136,
            0.918868362903595,
            0.2626113295555115
        ],
        [
            -0.060735948383808136,
            0.918868362903595,
            0.2626113295555115
        ]
    ],
    "Index2.R": [
        [
            -0.056216515600681305,
            0.9437249898910522,
            0.25176095962524414
        ],
        [
            -0.056216515600681305,
            0.9437249898910522,
            0.25176095962524414
        ]
    ],
    "Index3.R": [
        [
            -0.05309202894568443,
            0.9631050229072571,
            0.2420109361410141
        ],
        [
            -0.05309202894568443,
            0.9631050229072571,
            0.2420109361410141
        ]
    ],
    "Middle1.R": [
        [
            -0.07780203223228455,
            0.9186888933181763,
            0.26721280813217163
        ],
        [
            -0.07780203223228455,
            0.9186888933181763,
            0.26721280813217163
        ]
    ],
    "Middle2.R": [
        [
            -0.07685308903455734,
            0.9490048289299011,
            0.2555103898048401
        ],
        [
            -0.07685308903455734,
            0.9490048289299011,
            0.2555103898048401
        ]
    ],
    "Middle3.R": [
        [
            -0.07627952843904495,
            0.9705362915992737,
            0.24682138860225677
        ],
        [
            -0.07627952843904495,
            0.9705362915992737,
            0.24682138860225677
        ]
    ],
    "Ring1.R": [
        [
            -0.09434240311384201,
            0.918009877204895,
            0.2717234492301941
        ],
        [
            -0.09434240311384201,
            0.918009877204895,
            0.2717234492301941
        ]
    ],
    "Ring2.R": [
        [
            -0.09783080965280533,
            0.9425963163375854,
            0.2638702988624573
        ],
        [
            -0.09783080965280533,
            0.9425963163375854,
            0.2638702988624573
        ]
    ],
    "Ring3.R": [
        [
            -0.10057578980922699,
            0.9659040570259094,
            0.25877460837364197
        ],
        [
            -0.10057578980922699,
            0.9659040570259094,
            0.25877460837364197
        ]
    ],
    "Pinky1.R": [
        [
            -0.10912753641605377,
            0.9174175262451172,
            0.2757538855075836
        ],
        [
            -0.10912753641605377,
            0.9174175262451172,
            0.2757538855075836
        ]
    ],
    "Pinky2.R": [
        [
            -0.11471736431121826,
            0.9359017014503479,
            0.2717657685279846
        ],
        [
            -0.11471736431121826,
            0.9359017014503479,
            0.2717657685279846
        ]
    ],
    "Pinky3.R": [
        [
            -0.11937957257032394,
            0.9521360397338867,
            0.26959723234176636
        ],
        [
            -0.11937957257032394,
            0.9521360397338867,
            0.26959723234176636
        ]
    ],
    "Shoulder.L": [
        [
            0.043273668736219406,
            0.395813524723053,
            0.038141749799251556
        ],
        [
            0.043273668736219406,
            0.395813524723053,
            0.038141749799251556
        ]
    ],
    "Arm.L": [
        [
            0.0871012955904007,
            0.4428347051143646,
            0.035585518926382065
        ],
        [
            0.0871012955904007,
            0.4428347051143646,
            0.035585518926382065
        ]
    ],
    "Elbow.L": [
        [
            0.15581052005290985,
            0.659332275390625,
            0.12652674317359924
        ],
        [
            0.15581052005290985,
            0.659332275390625,
            0.12652674317359924
        ]
    ],
    "Wrist.L": [
        [
            0.19145798683166504,
            0.8350082635879517,
            0.22653143107891083
        ],
        [
            0.19145798683166504,
            0.8350082635879517,
            0.22653143107891083
        ]
    ],
    "Thumb0.L": [
        [
            0.17738260328769684,
            0.8636842370033264,
            0.24178510904312134
        ],
        [
            0.17738260328769684,
            0.8636842370033264,
            0.24178510904312134
        ]
    ],