{
    "Upper Body": [
        [
            -0.22687901556491852,
            0.27901163697242737,
            -0.05268830433487892
        ],
        [
            -0.22687901556491852,
            0.27901163697242737,
            -0.05268830433487892
        ]
    ],
    "Upper Body 2": [
        [
            -0.2295028567314148,
            0.5137607455253601,
            -0.09785674512386322
        ],
        [
            -0.2295028567314148,
            0.5137607455253601,
            -0.09785674512386322
        ]
    ],
    "Neck": [
        [
            -0.2333705574274063,
            0.6383163332939148,
            -0.10328882932662964
        ],
        [
            -0.2333705574274063,
            0.6383163332939148,
            -0.10328882932662964
        ]
    ],
    "Head": [
        [
            -0.23482227325439453,
            0.7098779678344727,
            -0.10800199955701828
        ],
        [
            -0.23482227325439453,
            0.7098779678344727,
            -0.10800199955701828
        ]
    ],
    "Eye.R": [
        [
            -0.20965717732906342,
            0.7962087392807007,
            -0.030747579410672188
        ],
        [
            -0.20965717732906342,
            0.7962087392807007,
            -0.030747579410672188
        ]
    ],
    "Eye.L": [
        [
            -0.1542656570672989,
            0.7941805124282837,
            -0.08659787476062775
        ],
        [
            -0.1542656570672989,
            0.7941805124282837,
            -0.08659787476062775
        ]
    ],
    "Shoulder.R": [
        [
            -0.2736687958240509,
            0.6096826195716858,
            -0.09835153818130493
        ],
        [
            -0.2736687958240509,
            0.6096826195716858,
            -0.09835153818130493
        ]
    ],
    "Arm.R": [
        [
            -0.34459036588668823,
            0.595608651638031,
            -0.09997387230396271
        ],
        [
            -0.34459036588668823,
            0.595608651638031,
            -0.09997387230396271
        ]
    ],
    "Elbow.R": [
        [
            -0.43508750200271606,
            0.43105950951576233,
            -0.2980860769748688
        ],
        [
            -0.43508750200271606,
            0.43105950951576233,
            -0.2980860769748688
        ]
    ],
    "Wrist.R": [
        [
            -0.3447354733943939,
            0.26177722215652466,
            -0.10366231203079224
        ],
        [
            -0.3447354733943939,
            0.26177722215652466,
            -0.10366231203079224
        ]
    ],
    "Thumb0.R": [
        [
            -0.3175829350948334,
            0.27338263392448425,
            -0.08245038986206055
        ],
        [
            -0.3175829350948334,
            0.27338263392448425,
            -0.08245038986206055
        ]
    ],
    "Thumb1.R": [
        [
            -0.3044356405735016,
            0.28430113196372986,
            -0.0495082251727581
        ],
        [
            -0.3044356405735016,
            0.28430113196372986,
            -0.0495082251727581
        ]
    ],
    "Thumb2.R": [
        [
            -0.300732284784317,
            0.29128795862197876,
            -0.027018655091524124
        ],
        [
            -0.300732284784317,
            0.29128795862197876,
            -0.027018655091524124
        ]
    ],
    "Index1.R": [
        [
            -0.3297719359397888,
            0.2784745693206787,
            -0.02023092657327652
        ],
        [
            -0.3297719359397888,
            0.2784745693206787,
            -0.02023092657327652
        ]
    ],
    "Index2.R": [
        [
            -0.3235401213169098,
            0.2716190218925476,
            0.010241648182272911
        ],
        [
            -0.3235401213169098,
            0.2716190218925476,
            0.010241648182272911
        ]
    ],
    "Index3.R": [
        [
            -0.30966854095458984,
            0.2649807035923004,
            0.02438926510512829
        ],
        [
            -0.30966854095458984,
            0.2649807035923004,
            0.02438926510512829
        ]
    ],
    "Middle1.R": [
        [
            -0.340057909488678,
            0.25721293687820435,
            -0.020595749840140343
        ],
        [
            -0.340057909488678,
            0.25721293687820435,
            -0.020595749840140343
        ]
    ],
    "Middle2.R": [
        [
            -0.332804799079895,
            0.24380764365196228,
            0.01178051345050335
        ],
        [
            -0.332804799079895,
            0.24380764365196228,
            0.01178051345050335
        ]
    ],
    "Middle3.R": [
        [
            -0.31851059198379517,
            0.23429901897907257,
            0.02475348860025406
        ],
        [
            -0.31851059198379517,
            0.23429901897907257,
            0.02475348860025406
        ]
    ],
    "Ring1.R": [
        [
            -0.34474173188209534,
            0.2354692667722702,
            -0.027984634041786194
        ],
        [
            -0.34474173188209534,
            0.2354692667722702,
            -0.027984634041786194
        ]
    ],
    "Ring2.R": [
        [
            -0.339534193277359,
            0.21796569228172302,
            -0.0006677876226603985
        ],
        [
            -0.339534193277359,
            0.21796569228172302,
            -0.0006677876226603985
        ]
    ],
    "Ring3.R": [
        [
            -0.3278520107269287,
            0.20687419176101685,
            0.00940550584346056
        ],
        [
            -0.3278520107269287,
            0.20687419176101685,
            0.00940550584346056
        ]
    ],
    "Pinky1.R": [
        [
            -0.3463824987411499,
            0.217211052775383,
            -0.03895419090986252
        ],
        [
            -0.3463824987411499,
            0.217211052775383,
            -0.03895419090986252
        ]
    ],
    "Pinky2.R": [
        [
            -0.3463328182697296,
            0.19698257744312286,
            -0.024976402521133423
        ],
        [
            -0.3463328182697296,
            0.19698257744312286,
            -0.024976402521133423
        ]
    ],
    "Pinky3.R": [
        [
            -0.34050610661506653,
            0.18365493416786194,
            -0.0187347624450922
        ],
        [
            -0.34050610661506653,
            0.18365493416786194,
            -0.0187347624450922
        ]
    ],
    "Shoulder.L": [
        [
            -0.19177304208278656,
            0.611761212348938,
            -0.10900629311800003
        ],
        [
            -0.19177304208278656,
            0.611761212348938,
            -0.10900629311800003
        ]
    ],
    "Arm.L": [
        [
            -0.1254654973745346,
            0.6275098919868469,
            -0.13321015238761902
        ],
        [
            -0.1254654973745346,
            0.6275098919868469,
            -0.13321015238761902
        ]
    ],
    "Elbow.L": [
        [
            0.1402810961008072,
            0.6788164973258972,
            -0.1608646661043167
        ],
        [
            0.1402810961008072,
            0.6788164973258972,
            -0.1608646661043167
        ]
    ],
    "Wrist.L": [
        [
            0.39411041140556335,
            0.7735705375671387,
            -0.12557309865951538
        ],
        [
            0.39411041140556335,
            0.7735705375671387,
            -0.12557309865951538
        ]
    ],
    "Thumb0.L": [
        [
            0.41040658950805664,
            0.7842324376106262,
            -0.0948701873421669
        ],
        [
            0.41040658950805664,
            0.7842324376106262,
            -0.0948701873421669
        ]
    ],